{"cameraMode":{"drawMode":0,"name":"Shaded","section":"Shading Mode"},"sceneLighting":false,"audioPlay":false,"sceneViewState":{"m_AlwaysRefresh":false,"showFog":true,"showSkybox":false,"showFlares":true,"showImageEffects":true,"showParticleSystems":true,"showVisualEffectGraphs":true,"m_FxEnabled":true},"in2DMode":false,"pivot":{"x":-2.8465933799743654,"y":0.369524210691452,"z":5.479552745819092},"rotation":{"x":-0.00612796563655138,"y":-0.9909387230873108,"z":0.04849296435713768,"w":-0.12522460520267487},"size":0.8660253882408142,"orthographic":true}